set_size,normal,next,lowered,delim,delim 2
100,3200,1600,1654.5,2567.0,2547.46875
1000,32000,19000,16650.25,25797.5,25582.65625
10000,319456,209643,166490.84375,257834.6875,256079.86328125
